{"name":"e1241932-8433-486c-8dae-58b8f953bcc8","id":"/providers/Microsoft.Flow/flows/e1241932-8433-486c-8dae-58b8f953bcc8","type":"Microsoft.Flow/flows","properties":{"apiId":"/providers/Microsoft.PowerApps/apis/shared_logicflows","displayName":"Innovative","definition":{"metadata":{"workflowEntityId":null,"processAdvisorMetadata":null,"flowclientsuspensionreason":"None","flowclientsuspensiontime":null,"creator":{"id":"354528db-b8c0-4c5a-8aec-c74a96d552b6","type":"User","tenantId":"76a2ae5a-9f00-4f6b-95ed-5d33d77c4d61"},"provisioningMethod":"FromDefinition","failureAlertSubscription":true,"clientLastModifiedTime":"2021-07-19T13:05:54.7850342Z"},"$schema":"https://schema.management.azure.com/providers/Microsoft.Logic/schemas/2016-06-01/workflowdefinition.json#","contentVersion":"1.0.0.0","parameters":{"$connections":{"defaultValue":{},"type":"Object"},"$authentication":{"defaultValue":{},"type":"SecureObject"}},"triggers":{"manual":{"type":"Request","kind":"PowerApp","inputs":{"schema":{"type":"object","properties":{"Sendanemail(V2)_To":{"type":"string","format":"email","description":"Specify email addresses separated by semicolons like someone@contoso.com","x-ms-powerflows-param-ispartial":false},"Sendanemail(V2)_To_1":{"type":"string"},"Sendanemail(V2)_Body":{"type":"string","format":"html","description":"Specify the body of the mail. This parameter is used as part of \"9E4D9D17-6684-40C2-A3BA-3224099324D4\"","x-ms-powerflows-param-ispartial":true},"Sendanemail(V2)_Body_1":{"type":"string"},"Sendanemail(V2)2_Body":{"type":"string","format":"html","description":"Specify the body of the mail. This parameter is used as part of \"0B0E17E0-E231-4D1A-AB5B-874207546A08\"","x-ms-powerflows-param-ispartial":true}},"required":["Sendanemail(V2)_To","Sendanemail(V2)_To_1","Sendanemail(V2)_Body","Sendanemail(V2)_Body_1","Sendanemail(V2)2_Body"]}}}},"actions":{"Try":{"actions":{"Send_an_email_(V2)":{"runAfter":{},"type":"OpenApiConnection","inputs":{"host":{"apiId":"/providers/Microsoft.PowerApps/apis/shared_office365","connectionName":"shared_office365","operationId":"SendEmailV2"},"parameters":{"emailMessage/To":"@triggerBody()['Sendanemail(V2)_To']","emailMessage/Subject":"Kudos Email - Thank You!","emailMessage/Body":"<p><span style=\"font-family: verdana\">Dear </span><span style=\"font-family: verdana\">@{triggerBody()['Sendanemail(V2)_Body']}</span><span style=\"font-family: verdana\"><br>\n<br>\nYour passion to make a difference in the world is unbelievable. You put your heart and soul into your endeavors and surpass any personal goal you could have set.<br>\n<br>\n<br>\n<img src=\"https://i.ibb.co/C9tYrjh/SPThankyou.jpg\" width=\"200\" height=\"200\" class=\"center\">\n<br>\n<br>\nI am very grateful for all your inspirations and support. I believe this feedback should not only reach to you but also to your manager, hence copying your manager to this email too.<br>\n<br>\nThank you again.<br>\n<br>\nBest reagrds,<br>\n</span><span style=\"font-family: verdana\">@{triggerBody()['Sendanemail(V2)_Body_1']}</span><span style=\"font-family: verdana\"></span></p>","emailMessage/Cc":"@triggerBody()['Sendanemail(V2)_To_1']"},"authentication":{"value":"@json(decodeBase64(triggerOutputs().headers['X-MS-APIM-Tokens']))['$ConnectionKey']","type":"Raw"}}},"Set_variable":{"runAfter":{"Send_an_email_(V2)":["Succeeded"]},"type":"SetVariable","inputs":{"name":"Status","value":"Success"}}},"runAfter":{"Initialize_variable":["Succeeded"]},"type":"Scope"},"Catch":{"actions":{"Set_variable_2":{"runAfter":{},"type":"SetVariable","inputs":{"name":"Status","value":"Failure"}},"Send_an_email_(V2)_2":{"runAfter":{"Set_variable_2":["Succeeded"]},"type":"OpenApiConnection","inputs":{"host":{"apiId":"/providers/Microsoft.PowerApps/apis/shared_office365","connectionName":"shared_office365_1","operationId":"SendEmailV2"},"parameters":{"emailMessage/To":"ritesh.c.ranjan@capgemini.com","emailMessage/Subject":"Kudos App Email was not sent","emailMessage/Body":"<p>Email failed for the user with the folloiwng details:<br>\n<br>\n@{triggerBody()['Sendanemail(V2)_To_1']}</p>"},"authentication":{"value":"@json(decodeBase64(triggerOutputs().headers['X-MS-APIM-Tokens']))['$ConnectionKey']","type":"Raw"}}}},"runAfter":{"Try":["Failed"]},"type":"Scope"},"Initialize_variable":{"runAfter":{},"type":"InitializeVariable","inputs":{"variables":[{"name":"Status","type":"string"}]}},"Finally":{"actions":{"Respond_to_a_PowerApp_or_flow":{"runAfter":{},"type":"Response","kind":"PowerApp","inputs":{"statusCode":200,"body":{"status":"@variables('Status')"},"schema":{"type":"object","properties":{"status":{"title":"Status","x-ms-dynamically-added":true,"type":"string"}}}}}},"runAfter":{"Catch":["Failed","Succeeded","Skipped"]},"type":"Scope"}},"outputs":{},"description":"Create one or more actions to happen when a button or link in Power Apps is selected. To use this flow from a Power App, select the control you want to trigger the flow and go to the Action tab in the Power Apps ribbon and select Flows."},"connectionReferences":{"shared_office365":{"connectionName":"shared-office365-bfc35484-20bc-4a17-b973-f72f-f656fd43","source":"Invoker","id":"/providers/Microsoft.PowerApps/apis/shared_office365","tier":"NotSpecified"},"shared_office365_1":{"connectionName":"30399f9439fd430fa6cc5e551fe2318c","source":"Invoker","id":"/providers/Microsoft.PowerApps/apis/shared_office365","tier":"NotSpecified"}},"flowFailureAlertSubscribed":false}}