<ImportExportXml version="9.1.0.25245" SolutionPackageVersion="9.1" languagecode="1033" generatedBy="CrmLive" xmlns:xsi="http://www.w3.org/2001/XMLSchema-instance">
  <SolutionManifest>
    <UniqueName>JUleQuiz</UniqueName>
    <LocalizedNames>
      <LocalizedName description="JuleQuiz" languagecode="1033" />
    </LocalizedNames>
    <Descriptions />
    <Version>1.0.0.4</Version>
    <Managed>1</Managed>
    <Publisher>
      <UniqueName>Cr13fa0</UniqueName>
      <LocalizedNames>
        <LocalizedName description="CDS Default Publisher" languagecode="1033" />
      </LocalizedNames>
      <Descriptions />
      <EMailAddress xsi:nil="true"></EMailAddress>
      <SupportingWebsiteUrl xsi:nil="true"></SupportingWebsiteUrl>
      <CustomizationPrefix>cre11</CustomizationPrefix>
      <CustomizationOptionValuePrefix>82385</CustomizationOptionValuePrefix>
      <Addresses>
        <Address>
          <AddressNumber>1</AddressNumber>
          <AddressTypeCode xsi:nil="true"></AddressTypeCode>
          <City xsi:nil="true"></City>
          <County xsi:nil="true"></County>
          <Country xsi:nil="true"></Country>
          <Fax xsi:nil="true"></Fax>
          <FreightTermsCode xsi:nil="true"></FreightTermsCode>
          <ImportSequenceNumber xsi:nil="true"></ImportSequenceNumber>
          <Latitude xsi:nil="true"></Latitude>
          <Line1 xsi:nil="true"></Line1>
          <Line2 xsi:nil="true"></Line2>
          <Line3 xsi:nil="true"></Line3>
          <Longitude xsi:nil="true"></Longitude>
          <Name xsi:nil="true"></Name>
          <PostalCode xsi:nil="true"></PostalCode>
          <PostOfficeBox xsi:nil="true"></PostOfficeBox>
          <PrimaryContactName xsi:nil="true"></PrimaryContactName>
          <ShippingMethodCode xsi:nil="true"></ShippingMethodCode>
          <StateOrProvince xsi:nil="true"></StateOrProvince>
          <Telephone1 xsi:nil="true"></Telephone1>
          <Telephone2 xsi:nil="true"></Telephone2>
          <Telephone3 xsi:nil="true"></Telephone3>
          <TimeZoneRuleVersionNumber xsi:nil="true"></TimeZoneRuleVersionNumber>
          <UPSZone xsi:nil="true"></UPSZone>
          <UTCOffset xsi:nil="true"></UTCOffset>
          <UTCConversionTimeZoneCode xsi:nil="true"></UTCConversionTimeZoneCode>
        </Address>
        <Address>
          <AddressNumber>2</AddressNumber>
          <AddressTypeCode xsi:nil="true"></AddressTypeCode>
          <City xsi:nil="true"></City>
          <County xsi:nil="true"></County>
          <Country xsi:nil="true"></Country>
          <Fax xsi:nil="true"></Fax>
          <FreightTermsCode xsi:nil="true"></FreightTermsCode>
          <ImportSequenceNumber xsi:nil="true"></ImportSequenceNumber>
          <Latitude xsi:nil="true"></Latitude>
          <Line1 xsi:nil="true"></Line1>
          <Line2 xsi:nil="true"></Line2>
          <Line3 xsi:nil="true"></Line3>
          <Longitude xsi:nil="true"></Longitude>
          <Name xsi:nil="true"></Name>
          <PostalCode xsi:nil="true"></PostalCode>
          <PostOfficeBox xsi:nil="true"></PostOfficeBox>
          <PrimaryContactName xsi:nil="true"></PrimaryContactName>
          <ShippingMethodCode xsi:nil="true"></ShippingMethodCode>
          <StateOrProvince xsi:nil="true"></StateOrProvince>
          <Telephone1 xsi:nil="true"></Telephone1>
          <Telephone2 xsi:nil="true"></Telephone2>
          <Telephone3 xsi:nil="true"></Telephone3>
          <TimeZoneRuleVersionNumber xsi:nil="true"></TimeZoneRuleVersionNumber>
          <UPSZone xsi:nil="true"></UPSZone>
          <UTCOffset xsi:nil="true"></UTCOffset>
          <UTCConversionTimeZoneCode xsi:nil="true"></UTCConversionTimeZoneCode>
        </Address>
      </Addresses>
    </Publisher>
    <RootComponents>
      <RootComponent type="1" schemaName="cre11_answerbank" behavior="0" />
      <RootComponent type="1" schemaName="cre11_questionbank" behavior="0" />
      <RootComponent type="1" schemaName="cre11_responses" behavior="0" />
      <RootComponent type="1" schemaName="sample_idea" behavior="2" />
      <RootComponent type="9" schemaName="cre11_answerstatus" behavior="0" />
      <RootComponent type="9" schemaName="cre11_verifyanswer" behavior="0" />
      <RootComponent type="300" schemaName="cre11_julquiz_f9dbb" behavior="0" />
    </RootComponents>
    <MissingDependencies>
      <MissingDependency>
<!--        <Required key="0" type="1" schemaName="sample_idea" displayName="Idea" solution="InnovationHub (0.0.0.1)" />-->
        <Dependent key="0" type="1" schemaName="sample_idea" displayName="Idea" />
      </MissingDependency>
      <MissingDependency>
<!--        <Required key="0" type="1" schemaName="sample_idea" displayName="Idea" solution="InnovationHub (0.0.0.1)" />-->
        <Dependent key="1" type="2" schemaName="sample_originatingchallengeidname" parentSchemaName="sample_idea" parentDisplayName="Idea" />
      </MissingDependency>
      <MissingDependency>
<!--        <Required key="2" type="10" schemaName="sample_sample_challenge_sample_idea" displayName="sample_sample_challenge_sample_idea" parentSchemaName="sample_challenge" parentDisplayName="Challenge" solution="InnovationHub (0.0.0.1)" />-->
        <Dependent key="1" type="2" schemaName="sample_originatingchallengeidname" parentSchemaName="sample_idea" parentDisplayName="Idea" />
      </MissingDependency>
      <MissingDependency>
<!--        <Required key="3" type="2" schemaName="sample_originatingchallengeid" displayName="Originating challenge" parentSchemaName="sample_idea" parentDisplayName="Idea" solution="InnovationHub (0.0.0.1)" />-->
        <Dependent key="3" type="2" schemaName="sample_originatingchallengeid" displayName="Originating challenge" parentSchemaName="sample_idea" parentDisplayName="Idea" />
      </MissingDependency>
      <MissingDependency>
<!--        <Required key="0" type="1" schemaName="sample_idea" displayName="Idea" solution="InnovationHub (0.0.0.1)" />-->
        <Dependent key="2" type="10" schemaName="sample_sample_challenge_sample_idea" displayName="sample_sample_challenge_sample_idea" parentSchemaName="sample_challenge" parentDisplayName="Challenge" />
      </MissingDependency>
      <MissingDependency>
<!--        <Required key="4" type="1" schemaName="sample_challenge" displayName="Challenge" solution="InnovationHub (0.0.0.1)" />-->
        <Dependent key="2" type="10" schemaName="sample_sample_challenge_sample_idea" displayName="sample_sample_challenge_sample_idea" parentSchemaName="sample_challenge" parentDisplayName="Challenge" />
      </MissingDependency>
      <MissingDependency>
<!--        <Required key="5" type="2" schemaName="sample_challengeid" displayName="Challenge" parentSchemaName="sample_challenge" parentDisplayName="Challenge" solution="InnovationHub (0.0.0.1)" />-->
        <Dependent key="2" type="10" schemaName="sample_sample_challenge_sample_idea" displayName="sample_sample_challenge_sample_idea" parentSchemaName="sample_challenge" parentDisplayName="Challenge" />
      </MissingDependency>
      <MissingDependency>
<!--        <Required key="6" type="2" schemaName="sample_name" displayName="Name" parentSchemaName="sample_challenge" parentDisplayName="Challenge" solution="InnovationHub (0.0.0.1)" />-->
        <Dependent key="2" type="10" schemaName="sample_sample_challenge_sample_idea" displayName="sample_sample_challenge_sample_idea" parentSchemaName="sample_challenge" parentDisplayName="Challenge" />
      </MissingDependency>
      <MissingDependency>
<!--        <Required key="3" type="2" schemaName="sample_originatingchallengeid" displayName="Originating challenge" parentSchemaName="sample_idea" parentDisplayName="Idea" solution="InnovationHub (0.0.0.1)" />-->
        <Dependent key="2" type="10" schemaName="sample_sample_challenge_sample_idea" displayName="sample_sample_challenge_sample_idea" parentSchemaName="sample_challenge" parentDisplayName="Challenge" />
      </MissingDependency>
      <MissingDependency>
<!--        <Required key="2" type="10" schemaName="sample_sample_challenge_sample_idea" displayName="sample_sample_challenge_sample_idea" parentSchemaName="sample_challenge" parentDisplayName="Challenge" solution="InnovationHub (0.0.0.1)" />-->
        <Dependent key="2" type="10" schemaName="sample_sample_challenge_sample_idea" displayName="sample_sample_challenge_sample_idea" parentSchemaName="sample_challenge" parentDisplayName="Challenge" />
      </MissingDependency>
      <MissingDependency>
        <Required key="7" type="1" schemaName="environmentvariablevalue" displayName="Environment Variable Value" solution="EnvironmentVariables (1.0.2.50)" />
        <Dependent key="8" type="300" schemaName="cre11_julquiz_f9dbb" displayName="Jule Quiz" />
      </MissingDependency>
    </MissingDependencies>
  </SolutionManifest>
</ImportExportXml>