{"schemaVersion":"1.0","appDefinitionTemplate":{"id":"/providers/Microsoft.PowerApps/apps/","type":"Microsoft.PowerApps/apps","tags":{"primaryDeviceWidth":"640","primaryDeviceHeight":"1136","sienaVersion":"20210728T093948Z-3.21072.25.0","deviceCapabilities":"","supportsPortrait":"true","supportsLandscape":"true","primaryFormFactor":"Phone","publisherVersion":"3.21072.25","minimumRequiredApiVersion":"2.2.0","hasComponent":"false","hasUnlockedComponent":"false","isUnifiedRootApp":"false"},"properties":{"appVersion":"2021-07-28T09:39:48Z","lifeCycleId":"Published","createdByClientVersion":{"major":3,"minor":21072,"build":25,"revision":0,"majorRevision":0,"minorRevision":0},"minClientVersion":{"major":3,"minor":21072,"build":25,"revision":0,"majorRevision":0,"minorRevision":0},"backgroundColor":"rgba(242, 239, 223, 1)","backgroundImageUri":"/2012254617661560021/N8996f7d2-b5be-4a18-a301-236d7f2ab7ae-logoSmallFile","displayName":"Kudos App","description":"As we sharing is caring, using this App you could share your quick feedback about your colleagues, not only with them but also with their managers.","commitMessage":"Cleaned data sources.","appUris":{"documentUri":{"value":"/2012254617661560021/Ne206ca47-f69b-4984-859f-61a42370ce32-document.msapp"},"imageUris":[]},"createdTime":"0001-01-01T00:00:00Z","lastModifiedTime":"0001-01-01T00:00:00Z","sharedGroupsCount":0,"sharedUsersCount":0,"icons":{"smallIconUri":"/2012254617661560021/N6aa4b1d1-45d7-4d08-82c7-c8323cd60fd9-small.png","mediumIconUri":"/2012254617661560021/Nc3866332-f584-4216-8127-778363bfc33d-medium.png","largeIconUri":"/2012254617661560021/Ncbc000b6-0966-4bca-bc73-8e60bb9ad748-large.png","wideIconUri":"/2012254617661560021/Naf88be05-8a26-4b6f-97db-fe36af5daf9a-wide.png"},"connectionReferences":{"d57db086-f622-4c08-911d-fd1cc1153aaf":{"id":"88408cd9-5a4a-488b-a6ef-6f581dd4628c","displayName":"Office 365 Users","iconUri":"https://connectoricons-prod.azureedge.net/releases/v1.0.1472/1.0.1472.2427/office365users/icon.png","dataSources":["Office365Users"],"dependencies":[],"dependents":[],"parameterHints":{},"parameterHintsV2":{},"isOnPremiseConnection":false,"bypassConsent":false,"dataSets":{},"apiTier":"Standard","isCustomApiConnection":false,"actions":["SearchUserV2","SearchUser","UserPhotoV2","Manager"]},"1816ec31-4a70-435e-b552-f9c79164bd4a":{"id":"a23695e6-ea79-4eff-9150-d03d4914a01b","displayName":"Office 365 Outlook","iconUri":"https://connectoricons-prod.azureedge.net/releases/v1.0.1482/1.0.1482.2463/office365/icon.png","dataSources":["Office365Outlook"],"dependencies":[],"dependents":["87ea9195-3542-417d-876e-b221debc29c6","173157b7-96f3-41d3-ab91-be3d1971651f","20e14e87-5621-4e9b-96d4-7beb2749db4f","d302fcd5-8047-4ffa-bd50-b83cd94f17a8","bd05a8a9-61bf-43ba-9d7d-1a1dbb945a1b","552f1ded-449f-4642-8bb3-20d42044812a","eee8dd04-7559-4396-8c08-0675c3cceba8","227df5dd-7e36-4552-9301-ce0afd4e84f9","3a8cfb68-0411-4363-a18f-91469822c3a0","cfc56f9b-cb8b-4fa5-843b-394e18051283","b8ac99e1-2774-4463-bfd6-cd38143dd21f","7b9544a7-188e-4d1b-ba61-26cf5e5a4f80"],"parameterHints":{},"parameterHintsV2":{},"isOnPremiseConnection":false,"bypassConsent":false,"dataSets":{},"apiTier":"Standard","isCustomApiConnection":false},"87ea9195-3542-417d-876e-b221debc29c6":{"id":"b1bbd467-ce84-4c34-9903-32026b561a14","displayName":"Logic flows","iconUri":"https://connectoricons-prod.azureedge.net/releases/v1.0.1438/1.0.1438.2324/logicflows/icon.png","dataSources":["ThankYou_1"],"dependencies":["8978d3ff-2b69-49f0-bdd9-9838b25d9e09","1816ec31-4a70-435e-b552-f9c79164bd4a"],"dependents":[],"parameterHints":{"workflowName":{"value":"d96b486f-0b60-43a3-9be8-8d3e38604246"},"workflowEntityId":{},"8978d3ff-2b69-49f0-bdd9-9838b25d9e09":{"value":"shared_office365"},"1816ec31-4a70-435e-b552-f9c79164bd4a":{"value":"shared_office365_1"}},"parameterHintsV2":{"workflowName":{"value":"d96b486f-0b60-43a3-9be8-8d3e38604246"},"workflowEntityId":{},"shared_office365":{"value":"8978d3ff-2b69-49f0-bdd9-9838b25d9e09"},"shared_office365_1":{"value":"1816ec31-4a70-435e-b552-f9c79164bd4a"}},"isOnPremiseConnection":false,"bypassConsent":false,"dataSets":{},"apiTier":"Standard","isCustomApiConnection":false,"actions":["Run"]},"8978d3ff-2b69-49f0-bdd9-9838b25d9e09":{"id":"a23695e6-ea79-4eff-9150-d03d4914a01b","displayName":"Office 365 Outlook","iconUri":"https://connectoricons-prod.azureedge.net/releases/v1.0.1482/1.0.1482.2463/office365/icon.png","dataSources":[],"dependencies":[],"dependents":["87ea9195-3542-417d-876e-b221debc29c6","173157b7-96f3-41d3-ab91-be3d1971651f","20e14e87-5621-4e9b-96d4-7beb2749db4f","d302fcd5-8047-4ffa-bd50-b83cd94f17a8","bd05a8a9-61bf-43ba-9d7d-1a1dbb945a1b","552f1ded-449f-4642-8bb3-20d42044812a","eee8dd04-7559-4396-8c08-0675c3cceba8","227df5dd-7e36-4552-9301-ce0afd4e84f9","3a8cfb68-0411-4363-a18f-91469822c3a0","7b9544a7-188e-4d1b-ba61-26cf5e5a4f80"],"parameterHints":{},"parameterHintsV2":{},"isOnPremiseConnection":false,"bypassConsent":false,"dataSets":{},"apiTier":"Standard","isCustomApiConnection":false},"173157b7-96f3-41d3-ab91-be3d1971651f":{"id":"b1bbd467-ce84-4c34-9903-32026b561a14","displayName":"Logic flows","iconUri":"https://connectoricons-prod.azureedge.net/releases/v1.0.1438/1.0.1438.2324/logicflows/icon.png","dataSources":["CustomerAdvocacy"],"dependencies":["8978d3ff-2b69-49f0-bdd9-9838b25d9e09","1816ec31-4a70-435e-b552-f9c79164bd4a"],"dependents":[],"parameterHints":{"workflowName":{"value":"bca1492c-09f7-4dc8-8c98-ef7450f2ff53"},"workflowEntityId":{},"8978d3ff-2b69-49f0-bdd9-9838b25d9e09":{"value":"shared_office365"},"1816ec31-4a70-435e-b552-f9c79164bd4a":{"value":"shared_office365_1"}},"parameterHintsV2":{"workflowName":{"value":"bca1492c-09f7-4dc8-8c98-ef7450f2ff53"},"workflowEntityId":{},"shared_office365":{"value":"8978d3ff-2b69-49f0-bdd9-9838b25d9e09"},"shared_office365_1":{"value":"1816ec31-4a70-435e-b552-f9c79164bd4a"}},"isOnPremiseConnection":false,"bypassConsent":false,"dataSets":{},"apiTier":"Standard","isCustomApiConnection":false,"actions":["Run"]},"20e14e87-5621-4e9b-96d4-7beb2749db4f":{"id":"b1bbd467-ce84-4c34-9903-32026b561a14","displayName":"Logic flows","iconUri":"https://connectoricons-prod.azureedge.net/releases/v1.0.1438/1.0.1438.2324/logicflows/icon.png","dataSources":["Helpful_2"],"dependencies":["8978d3ff-2b69-49f0-bdd9-9838b25d9e09","1816ec31-4a70-435e-b552-f9c79164bd4a"],"dependents":[],"parameterHints":{"workflowName":{"value":"673045ed-db2f-4f42-8522-bdf8da8f4aef"},"workflowEntityId":{},"8978d3ff-2b69-49f0-bdd9-9838b25d9e09":{"value":"shared_office365"},"1816ec31-4a70-435e-b552-f9c79164bd4a":{"value":"shared_office365_1"}},"parameterHintsV2":{"workflowName":{"value":"673045ed-db2f-4f42-8522-bdf8da8f4aef"},"workflowEntityId":{},"shared_office365":{"value":"8978d3ff-2b69-49f0-bdd9-9838b25d9e09"},"shared_office365_1":{"value":"1816ec31-4a70-435e-b552-f9c79164bd4a"}},"isOnPremiseConnection":false,"bypassConsent":false,"dataSets":{},"apiTier":"Standard","isCustomApiConnection":false,"actions":["Run"]},"d302fcd5-8047-4ffa-bd50-b83cd94f17a8":{"id":"b1bbd467-ce84-4c34-9903-32026b561a14","displayName":"Logic flows","iconUri":"https://connectoricons-prod.azureedge.net/releases/v1.0.1438/1.0.1438.2324/logicflows/icon.png","dataSources":["Extramile"],"dependencies":["8978d3ff-2b69-49f0-bdd9-9838b25d9e09","1816ec31-4a70-435e-b552-f9c79164bd4a"],"dependents":[],"parameterHints":{"workflowName":{"value":"649f92cd-002c-418d-9b2c-99f90523f138"},"workflowEntityId":{},"8978d3ff-2b69-49f0-bdd9-9838b25d9e09":{"value":"shared_office365"},"1816ec31-4a70-435e-b552-f9c79164bd4a":{"value":"shared_office365_1"}},"parameterHintsV2":{"workflowName":{"value":"649f92cd-002c-418d-9b2c-99f90523f138"},"workflowEntityId":{},"shared_office365":{"value":"8978d3ff-2b69-49f0-bdd9-9838b25d9e09"},"shared_office365_1":{"value":"1816ec31-4a70-435e-b552-f9c79164bd4a"}},"isOnPremiseConnection":false,"bypassConsent":false,"dataSets":{},"apiTier":"Standard","isCustomApiConnection":false,"actions":["Run"]},"bd05a8a9-61bf-43ba-9d7d-1a1dbb945a1b":{"id":"b1bbd467-ce84-4c34-9903-32026b561a14","displayName":"Logic flows","iconUri":"https://connectoricons-prod.azureedge.net/releases/v1.0.1438/1.0.1438.2324/logicflows/icon.png","dataSources":["Curious_2"],"dependencies":["8978d3ff-2b69-49f0-bdd9-9838b25d9e09","1816ec31-4a70-435e-b552-f9c79164bd4a"],"dependents":[],"parameterHints":{"workflowName":{"value":"57d9cbe6-b6a3-4fe8-b3b1-b21330fdf119"},"workflowEntityId":{},"8978d3ff-2b69-49f0-bdd9-9838b25d9e09":{"value":"shared_office365"},"1816ec31-4a70-435e-b552-f9c79164bd4a":{"value":"shared_office365_1"}},"parameterHintsV2":{"workflowName":{"value":"57d9cbe6-b6a3-4fe8-b3b1-b21330fdf119"},"workflowEntityId":{},"shared_office365":{"value":"8978d3ff-2b69-49f0-bdd9-9838b25d9e09"},"shared_office365_1":{"value":"1816ec31-4a70-435e-b552-f9c79164bd4a"}},"isOnPremiseConnection":false,"bypassConsent":false,"dataSets":{},"apiTier":"Standard","isCustomApiConnection":false,"actions":["Run"]},"552f1ded-449f-4642-8bb3-20d42044812a":{"id":"b1bbd467-ce84-4c34-9903-32026b561a14","displayName":"Logic flows","iconUri":"https://connectoricons-prod.azureedge.net/releases/v1.0.1438/1.0.1438.2324/logicflows/icon.png","dataSources":["Innovative_1"],"dependencies":["8978d3ff-2b69-49f0-bdd9-9838b25d9e09","1816ec31-4a70-435e-b552-f9c79164bd4a"],"dependents":[],"parameterHints":{"workflowName":{"value":"8a7f9996-8812-4b11-8ac5-d8590e04edc2"},"workflowEntityId":{},"8978d3ff-2b69-49f0-bdd9-9838b25d9e09":{"value":"shared_office365"},"1816ec31-4a70-435e-b552-f9c79164bd4a":{"value":"shared_office365_1"}},"parameterHintsV2":{"workflowName":{"value":"8a7f9996-8812-4b11-8ac5-d8590e04edc2"},"workflowEntityId":{},"shared_office365":{"value":"8978d3ff-2b69-49f0-bdd9-9838b25d9e09"},"shared_office365_1":{"value":"1816ec31-4a70-435e-b552-f9c79164bd4a"}},"isOnPremiseConnection":false,"bypassConsent":false,"dataSets":{},"apiTier":"Standard","isCustomApiConnection":false,"actions":["Run"]},"eee8dd04-7559-4396-8c08-0675c3cceba8":{"id":"b1bbd467-ce84-4c34-9903-32026b561a14","displayName":"Logic flows","iconUri":"https://connectoricons-prod.azureedge.net/releases/v1.0.1438/1.0.1438.2324/logicflows/icon.png","dataSources":["Techguru_1"],"dependencies":["8978d3ff-2b69-49f0-bdd9-9838b25d9e09","1816ec31-4a70-435e-b552-f9c79164bd4a"],"dependents":[],"parameterHints":{"workflowName":{"value":"6af4024a-2f15-4ea8-b61b-aa89b2732970"},"workflowEntityId":{},"8978d3ff-2b69-49f0-bdd9-9838b25d9e09":{"value":"shared_office365"},"1816ec31-4a70-435e-b552-f9c79164bd4a":{"value":"shared_office365_1"}},"parameterHintsV2":{"workflowName":{"value":"6af4024a-2f15-4ea8-b61b-aa89b2732970"},"workflowEntityId":{},"shared_office365":{"value":"8978d3ff-2b69-49f0-bdd9-9838b25d9e09"},"shared_office365_1":{"value":"1816ec31-4a70-435e-b552-f9c79164bd4a"}},"isOnPremiseConnection":false,"bypassConsent":false,"dataSets":{},"apiTier":"Standard","isCustomApiConnection":false,"actions":["Run"]},"227df5dd-7e36-4552-9301-ce0afd4e84f9":{"id":"b1bbd467-ce84-4c34-9903-32026b561a14","displayName":"Logic flows","iconUri":"https://connectoricons-prod.azureedge.net/releases/v1.0.1438/1.0.1438.2324/logicflows/icon.png","dataSources":["Inspiring_1"],"dependencies":["8978d3ff-2b69-49f0-bdd9-9838b25d9e09","1816ec31-4a70-435e-b552-f9c79164bd4a"],"dependents":[],"parameterHints":{"workflowName":{"value":"e88fd735-2654-402c-ac3f-c1951a867f53"},"workflowEntityId":{},"8978d3ff-2b69-49f0-bdd9-9838b25d9e09":{"value":"shared_office365"},"1816ec31-4a70-435e-b552-f9c79164bd4a":{"value":"shared_office365_1"}},"parameterHintsV2":{"workflowName":{"value":"e88fd735-2654-402c-ac3f-c1951a867f53"},"workflowEntityId":{},"shared_office365":{"value":"8978d3ff-2b69-49f0-bdd9-9838b25d9e09"},"shared_office365_1":{"value":"1816ec31-4a70-435e-b552-f9c79164bd4a"}},"isOnPremiseConnection":false,"bypassConsent":false,"dataSets":{},"apiTier":"Standard","isCustomApiConnection":false,"actions":["Run"]},"3a8cfb68-0411-4363-a18f-91469822c3a0":{"id":"b1bbd467-ce84-4c34-9903-32026b561a14","displayName":"Logic flows","iconUri":"https://connectoricons-prod.azureedge.net/releases/v1.0.1438/1.0.1438.2324/logicflows/icon.png","dataSources":["Motivational_1"],"dependencies":["8978d3ff-2b69-49f0-bdd9-9838b25d9e09","1816ec31-4a70-435e-b552-f9c79164bd4a"],"dependents":[],"parameterHints":{"workflowName":{"value":"389be8eb-92ba-4e74-8ccb-31be40928cc7"},"workflowEntityId":{},"8978d3ff-2b69-49f0-bdd9-9838b25d9e09":{"value":"shared_office365"},"1816ec31-4a70-435e-b552-f9c79164bd4a":{"value":"shared_office365_1"}},"parameterHintsV2":{"workflowName":{"value":"389be8eb-92ba-4e74-8ccb-31be40928cc7"},"workflowEntityId":{},"shared_office365":{"value":"8978d3ff-2b69-49f0-bdd9-9838b25d9e09"},"shared_office365_1":{"value":"1816ec31-4a70-435e-b552-f9c79164bd4a"}},"isOnPremiseConnection":false,"bypassConsent":false,"dataSets":{},"apiTier":"Standard","isCustomApiConnection":false,"actions":["Run"]},"cfc56f9b-cb8b-4fa5-843b-394e18051283":{"id":"b1bbd467-ce84-4c34-9903-32026b561a14","displayName":"Logic flows","iconUri":"https://connectoricons-prod.azureedge.net/releases/v1.0.1438/1.0.1438.2324/logicflows/icon.png","dataSources":["LikeTheApp"],"dependencies":["1816ec31-4a70-435e-b552-f9c79164bd4a"],"dependents":[],"parameterHints":{"workflowName":{"value":"656405ba-8c1f-461d-87ec-9691c76fb576"},"workflowEntityId":{},"1816ec31-4a70-435e-b552-f9c79164bd4a":{"value":"shared_office365"}},"parameterHintsV2":{"workflowName":{"value":"656405ba-8c1f-461d-87ec-9691c76fb576"},"workflowEntityId":{},"shared_office365":{"value":"1816ec31-4a70-435e-b552-f9c79164bd4a"}},"isOnPremiseConnection":false,"bypassConsent":false,"dataSets":{},"apiTier":"Standard","isCustomApiConnection":false,"actions":["Run"]},"b8ac99e1-2774-4463-bfd6-cd38143dd21f":{"id":"b1bbd467-ce84-4c34-9903-32026b561a14","displayName":"Logic flows","iconUri":"https://connectoricons-prod.azureedge.net/releases/v1.0.1438/1.0.1438.2324/logicflows/icon.png","dataSources":["DontLikeTheApp"],"dependencies":["1816ec31-4a70-435e-b552-f9c79164bd4a"],"dependents":[],"parameterHints":{"workflowName":{"value":"5da0e5e8-a91b-4c04-a19e-c2537272398d"},"workflowEntityId":{},"1816ec31-4a70-435e-b552-f9c79164bd4a":{"value":"shared_office365"}},"parameterHintsV2":{"workflowName":{"value":"5da0e5e8-a91b-4c04-a19e-c2537272398d"},"workflowEntityId":{},"shared_office365":{"value":"1816ec31-4a70-435e-b552-f9c79164bd4a"}},"isOnPremiseConnection":false,"bypassConsent":false,"dataSets":{},"apiTier":"Standard","isCustomApiConnection":false,"actions":["Run"]},"7b9544a7-188e-4d1b-ba61-26cf5e5a4f80":{"id":"b1bbd467-ce84-4c34-9903-32026b561a14","displayName":"Logic flows","iconUri":"https://connectoricons-prod.azureedge.net/releases/v1.0.1438/1.0.1438.2324/logicflows/icon.png","dataSources":["Newperspective"],"dependencies":["8978d3ff-2b69-49f0-bdd9-9838b25d9e09","1816ec31-4a70-435e-b552-f9c79164bd4a"],"dependents":[],"parameterHints":{"workflowName":{"value":"9c27f9ad-77f2-4f17-907c-b3c6375f44bb"},"workflowEntityId":{},"8978d3ff-2b69-49f0-bdd9-9838b25d9e09":{"value":"shared_office365"},"1816ec31-4a70-435e-b552-f9c79164bd4a":{"value":"shared_office365_1"}},"parameterHintsV2":{"workflowName":{"value":"9c27f9ad-77f2-4f17-907c-b3c6375f44bb"},"workflowEntityId":{},"shared_office365":{"value":"8978d3ff-2b69-49f0-bdd9-9838b25d9e09"},"shared_office365_1":{"value":"1816ec31-4a70-435e-b552-f9c79164bd4a"}},"isOnPremiseConnection":false,"bypassConsent":false,"dataSets":{},"apiTier":"Standard","isCustomApiConnection":false,"actions":["Run"]}},"databaseReferences":{},"almMode":"Environment","performanceOptimizationEnabled":true,"canConsumeAppPass":true,"executionRestrictions":{"isTeamsOnly":false,"dataLossPreventionEvaluationResult":{"status":"Compliant","lastEvaluationDate":"2021-07-14T14:09:15.3246501Z","violations":[],"violationsByPolicy":[],"violationErrorMessage":"The app uses the following connectors: shared_office365users."}}},"appType":"ClassicCanvasApp","appComponents":[]}}